{
  "Search": [
    {
      "Title": "Batman Begins",
      "Year": "2005",
      "imdbID": "tt0372784",
      "Type": "movie",
      "Poster": "https://m.media-amazon.com/images/M/MV5BODIyMDdhNTgtNDlmOC00MjUxLWE2NDItODA5MTdkNzY3ZTdhXkEyXkFqcGc@._V1_SX300.jpg"
    },
    {
      "Title": "The Batman",
      "Year": "2022",
      "imdbID": "tt1877830",
      "Type": "movie",
      "Poster": "https://m.media-amazon.com/images/M/MV5BMmU5NGJlMzAtMGNmOC00YjJjLTgyMzUtNjAyYmE4Njg5YWMyXkEyXkFqcGc@._V1_SX300.jpg"
    },
    {
      "Title": "Batman v Superman: Dawn of Justice",
      "Year": "2016",
      "imdbID": "tt2975590",
      "Type": "movie",
      "Poster": "https://m.media-amazon.com/images/M/MV5BZTJkYjdmYjYtOGMyNC00ZGU1LThkY2ItYTc1OTVlMmE2YWY1XkEyXkFqcGc@._V1_SX300.jpg"
    },
    {
      "Title": "Batman",
      "Year": "1989",
      "imdbID": "tt0096895",
      "Type": "movie",
      "Poster": "https://m.media-amazon.com/images/M/MV5BYzZmZWViM2EtNzhlMi00NzBlLWE0MWEtZDFjMjk3YjIyNTBhXkEyXkFqcGc@._V1_SX300.jpg"
    },
    {
      "Title": "Batman Returns",
      "Year": "1992",
      "imdbID": "tt0103776",
      "Type": "movie",
      "Poster": "https://m.media-amazon.com/images/M/MV5BZTliMDVkYTktZDdlMS00NTAwLWJhNzYtMWIwMDZjN2ViMGFiXkEyXkFqcGc@._V1_SX300.jpg"
    },
    {
      "Title": "Batman & Robin",
      "Year": "1997",
      "imdbID": "tt0118688",
      "Type": "movie",
      "Poster": "https://m.media-amazon.com/images/M/MV5BYzU3ZjE3M2UtM2E4Ni00MDI5LTkyZGUtOTFkMGIyYjNjZGU3XkEyXkFqcGc@._V1_SX300.jpg"
    },
    {
      "Title": "Batman Forever",
      "Year": "1995",
      "imdbID": "tt0112462",
      "Type": "movie",
      "Poster": "https://m.media-amazon.com/images/M/MV5BMTUyNjJhZWItMTZkNS00NDc4LTllNjUtYTg3NjczMzA5ZTViXkEyXkFqcGc@._V1_SX300.jpg"
    },
    {
      "Title": "The Lego Batman Movie",
      "Year": "2017",
      "imdbID": "tt4116284",
      "Type": "movie",
      "Poster": "https://m.media-amazon.com/images/M/MV5BMTcyNTEyOTY0M15BMl5BanBnXkFtZTgwOTAyNzU3MDI@._V1_SX300.jpg"
    },
    {
      "Title": "Batman: The Animated Series",
      "Year": "1992–1995",
      "imdbID": "tt0103359",
      "Type": "series",
      "Poster": "https://m.media-amazon.com/images/M/MV5BYjgwZWUzMzUtYTFkNi00MzM0LWFkMWUtMDViMjMxNGIxNDUxXkEyXkFqcGc@._V1_SX300.jpg"
    },
    {
      "Title": "Batman v Superman: Dawn of Justice (Ultimate Edition)",
      "Year": "2016",
      "imdbID": "tt18689424",
      "Type": "movie",
      "Poster": "https://m.media-amazon.com/images/M/MV5BOTRlNWQwM2ItNjkyZC00MGI3LThkYjktZmE5N2FlMzcyNTIyXkEyXkFqcGdeQXVyMTEyNzgwMDUw._V1_SX300.jpg"
    }
  ],
  "totalResults": "583",
  "Response": "True"
}